 0.00 , 1.00 ,01125dd72c09cc5a_1.jpg,=
 0.82 , 0.18 ,01125dd72c09cc5a_2.jpg,
 0.00 , 1.00 ,01125dd72c09cc5a_3.jpg,
 0.00 , 1.00 ,01125dd72c09cc5a_4.jpg,
 0.00 , 1.00 ,013e4b54ccdf22aa_1.jpg,
 0.00 , 1.00 ,013e4b54ccdf22aa_2.jpg,
 0.88 , 0.12 ,013e4b54ccdf22aa_3F.jpg,
 0.98 , 0.02 ,018d4a117c1d7e16_1F.jpg,
 0.00 , 1.00 ,0222c555d2c21a2f_1.jpg,
 0.86 , 0.14 ,0222c555d2c21a2f_2F.jpg,
 0.02 , 0.98 ,025457442526f1df_1.jpg,
 1.00 , 0.00 ,025457442526f1df_2F.jpg,
 0.00 , 1.00 ,02eb8d9a3e34b370_1.jpg,
 0.85 , 0.15 ,03650b9fde97f523_1F.jpg,
 0.62 , 0.38 ,04833bdaa8c68594_1F.jpg,
 0.00 , 1.00 ,049feb8853b23023_1.jpg,
 0.12 , 0.88 ,049feb8853b23023_2.jpg,
 0.33 , 0.67 ,049feb8853b23023_3.jpg,
 0.03 , 0.97 ,049feb8853b23023_4.jpg,
 0.98 , 0.02 ,04e3bee2eeaf280e_1F.jpg,
 0.92 , 0.08 ,0543f1b76e391db9_1.jpg,
 0.99 , 0.01 ,05a149770e1013f1_1F.jpg,
 0.01 , 0.99 ,05c6fc62d2980f50_1.jpg,
 0.38 , 0.62 ,05c8be4675d87037_1.jpg,
 0.81 , 0.19 ,0662ac36ad698574_1.jpg,
 0.92 , 0.08 ,0662ac36ad698574_2.jpg,
 0.07 , 0.93 ,0662ac36ad698574_3.jpg,
 0.03 , 0.97 ,0662ac36ad698574_4.jpg,
 0.19 , 0.81 ,0662ac36ad698574_5.jpg,
 0.00 , 1.00 ,06d1d39cbea07874_1.jpg,
 0.01 , 0.99 ,06d1d39cbea07874_2.jpg,
 0.01 , 0.99 ,06d1d39cbea07874_3.jpg,
 0.99 , 0.01 ,06d1d39cbea07874_4F.jpg,
 0.54 , 0.46 ,0709eb8e8c2d19fa_1.jpg,
 0.32 , 0.68 ,0787ba239b4ca568_1.jpg,
 0.80 , 0.20 ,0787ba239b4ca568_2F.jpg,
 0.21 , 0.79 ,092a6148eaac712e_1.jpg,
 0.16 , 0.84 ,092a6148eaac712e_2.jpg,
 0.00 , 1.00 ,0937f20ab730f4bd_1.jpg,
 0.95 , 0.05 ,09562c36471bf39f_1F.jpg,
 0.00 , 1.00 ,0981622cc4d4ac2b_1.jpg,
 0.94 , 0.06 ,0981622cc4d4ac2b_2F.jpg,
 0.87 , 0.13 ,09c863d76bcf6b00_1F.jpg,
 0.94 , 0.06 ,0a02c648d24f39fb_1F.jpg,
 0.00 , 1.00 ,0a9f183e46c76019_1.jpg,
 0.27 , 0.73 ,0a9f183e46c76019_2F.jpg,
 0.47 , 0.53 ,0b7e19effcd30556_1.jpg,
 0.34 , 0.66 ,0b7e19effcd30556_2.jpg,
 0.36 , 0.64 ,0b83e754be780735_1.jpg,
 0.84 , 0.16 ,0b83e754be780735_2.jpg,
 0.00 , 1.00 ,0b83e754be780735_3.jpg,
 0.08 , 0.92 ,0b83e754be780735_4.jpg,
 0.67 , 0.33 ,0b83e754be780735_5.jpg,
 0.72 , 0.28 ,0b83e754be780735_6F.jpg,
 0.00 , 1.00 ,0c10e0ce3d8f5f81_1.jpg,
 0.95 , 0.05 ,0c10e0ce3d8f5f81_2F.jpg,
 0.93 , 0.07 ,0c10e0ce3d8f5f81_3F.jpg,
 1.00 , 0.00 ,0d32e8e7a4bd08dc_1F.jpg,
 0.19 , 0.81 ,0dbfd1ce7549fb11_1.jpg,
 0.08 , 0.92 ,0dbfd1ce7549fb11_2.jpg,
 0.99 , 0.01 ,0dbfd1ce7549fb11_3F.jpg,
 0.01 , 0.99 ,0e62c706b2cd998e_1.jpg,
 0.00 , 1.00 ,0e6e608af9477a08_1.jpg,
 1.00 , 0.00 ,0e6e608af9477a08_2F.jpg,
 0.00 , 1.00 ,0ee147db8a6b3908_1.jpg,
 0.17 , 0.83 ,0f25b5278659caae_1.jpg,
 0.00 , 1.00 ,0fa1f463189c8e42_1.jpg,
 0.00 , 1.00 ,0fa1f463189c8e42_2.jpg,
 0.00 , 1.00 ,0fa6d82962ece7ed_1.jpg,
 0.01 , 0.99 ,0fa6d82962ece7ed_10.jpg,
 0.00 , 1.00 ,0fa6d82962ece7ed_11.jpg,
 0.59 , 0.41 ,0fa6d82962ece7ed_12.jpg,
 0.01 , 0.99 ,0fa6d82962ece7ed_2.jpg,
 0.14 , 0.86 ,0fa6d82962ece7ed_3.jpg,
 0.00 , 1.00 ,0fa6d82962ece7ed_4.jpg,
 0.03 , 0.97 ,0fa6d82962ece7ed_5.jpg,
 0.00 , 1.00 ,0fa6d82962ece7ed_6.jpg,
 0.00 , 1.00 ,0fa6d82962ece7ed_7.jpg,
 0.16 , 0.84 ,0fa6d82962ece7ed_8.jpg,
 0.01 , 0.99 ,0fa6d82962ece7ed_9.jpg,
 0.01 , 0.99 ,0fdd5f6e167d0123_1.jpg,
 0.09 , 0.91 ,0fdd5f6e167d0123_2.jpg,
 0.99 , 0.01 ,0fdd5f6e167d0123_3F.jpg,
 0.00 , 1.00 ,109260e478aa7bc4_1.jpg,
 0.00 , 1.00 ,109260e478aa7bc4_2.jpg,
 0.87 , 0.13 ,109260e478aa7bc4_3F.jpg,
 0.00 , 1.00 ,115150a6ba4eb0ca_1.jpg,
 0.99 , 0.01 ,115150a6ba4eb0ca_2F.jpg,
 0.99 , 0.01 ,115150a6ba4eb0ca_3F.jpg,
 0.74 , 0.26 ,1268ab795838b2dc_1.jpg,
 0.99 , 0.01 ,1268ab795838b2dc_2F.jpg,
 0.83 , 0.17 ,1268ab795838b2dc_3F.jpg,
 0.97 , 0.03 ,138e90a98e1fda99_1F.jpg,
 0.34 , 0.66 ,13b7206961bca9c6_1F.jpg,
 0.01 , 0.99 ,13bd59eb15e2e087_1.jpg,
 0.02 , 0.98 ,140d247f79fc0516_1F.jpg,
 0.95 , 0.05 ,147725995856365a_1F.jpg,
 0.82 , 0.18 ,147725995856365a_2F.jpg,
 1.00 , 0.00 ,15b2b388f617c007_1F.jpg,
 1.00 , 0.00 ,15b2b388f617c007_2F.jpg,
 0.55 , 0.45 ,16add4f48badb77a_1F.jpg,
 0.09 , 0.91 ,177bf73e23ce2913_1F.jpg,
 0.41 , 0.59 ,18377e98a9b3e0ec_1F.jpg,
 0.00 , 1.00 ,18473850b606d29f_1.jpg,
 0.89 , 0.11 ,186adccdfbc2c77f_1.jpg,
 0.72 , 0.28 ,186adccdfbc2c77f_2.jpg,
 0.99 , 0.01 ,1876ff97a1af1590_1F.jpg,
 0.02 , 0.98 ,1876ff97a1af1590_2F.jpg,
 0.00 , 1.00 ,1936cb06da9b15cc_1.jpg,
 0.00 , 1.00 ,1936cb06da9b15cc_2.jpg,
 0.90 , 0.10 ,1936cb06da9b15cc_3F.jpg,
 0.67 , 0.33 ,1936cb06da9b15cc_4F.jpg,
 0.00 , 1.00 ,1940cd43500581cd_1.jpg,
 0.87 , 0.13 ,1940cd43500581cd_2F.jpg,
 0.00 , 1.00 ,195d0a12ae05f61b_1.jpg,
 0.91 , 0.09 ,195d0a12ae05f61b_2F.jpg,
 0.00 , 1.00 ,199b99a13f044cf6_1.jpg,
 1.00 , 0.00 ,199b99a13f044cf6_2F.jpg,
 0.00 , 1.00 ,19a1b853f290f2b7_1.jpg,
 1.00 , 0.00 ,19a1b853f290f2b7_2F.jpg,
 0.00 , 1.00 ,19a3c33fb2698d51_1.jpg,
 0.00 , 1.00 ,19a3c33fb2698d51_10.jpg,
 0.00 , 1.00 ,19a3c33fb2698d51_11.jpg,
 0.00 , 1.00 ,19a3c33fb2698d51_12.jpg,
 0.90 , 0.10 ,19a3c33fb2698d51_13.jpg,
 0.00 , 1.00 ,19a3c33fb2698d51_14.jpg,
 0.00 , 1.00 ,19a3c33fb2698d51_15.jpg,
 0.72 , 0.28 ,19a3c33fb2698d51_16.jpg,
 1.00 , 0.00 ,19a3c33fb2698d51_17F.jpg,
 0.00 , 1.00 ,19a3c33fb2698d51_2.jpg,
 0.01 , 0.99 ,19a3c33fb2698d51_3.jpg,
 0.17 , 0.83 ,19a3c33fb2698d51_4.jpg,
 0.00 , 1.00 ,19a3c33fb2698d51_5.jpg,
 0.00 , 1.00 ,19a3c33fb2698d51_6.jpg,
 0.00 , 1.00 ,19a3c33fb2698d51_7.jpg,
 0.02 , 0.98 ,19a3c33fb2698d51_8.jpg,
 0.14 , 0.86 ,19a3c33fb2698d51_9.jpg,
 1.00 , 0.00 ,19d85d98e3a84e43_1F.jpg,
 0.98 , 0.02 ,1b6b2d0b9c8f5f0c_1F.jpg,
 0.00 , 1.00 ,1c6fea183267271e_1.jpg,
 0.00 , 1.00 ,1c6fea183267271e_2.jpg,
 1.00 , 0.00 ,1c6fea183267271e_3F.jpg,
 0.00 , 1.00 ,1ca2486498488b59_1.jpg,
 0.51 , 0.49 ,1cce79aa26653f1c_1F.jpg,
 0.94 , 0.06 ,1cce79aa26653f1c_2F.jpg,
 0.85 , 0.15 ,1cd9ac0169ec7df0_1F.jpg,
 1.00 , 0.00 ,1d86a9b9dbb35ed7_1F.jpg,
 0.90 , 0.10 ,1e3791a88b656c6a_1F.jpg,
 0.93 , 0.07 ,1e3791a88b656c6a_2F.jpg,
 0.00 , 1.00 ,1f033af8fc7682e6_1.jpg,
 0.89 , 0.11 ,1f033af8fc7682e6_2F.jpg,
 0.98 , 0.02 ,1f7588d27ea9a464_1F.jpg,
 0.01 , 0.99 ,1f7c60303dd0c273_1.jpg,
 0.74 , 0.26 ,1f7c60303dd0c273_2F.jpg,
 0.00 , 1.00 ,1fda48dc2f27900a_1.jpg,
 0.98 , 0.02 ,1fda48dc2f27900a_2F.jpg,
 0.00 , 1.00 ,2059c3040ad9cdd3_1.jpg,
 0.97 , 0.03 ,2059c3040ad9cdd3_2F.jpg,
 0.00 , 1.00 ,2077dc97110db822_1.jpg,
 0.68 , 0.32 ,2077dc97110db822_2F.jpg,
 0.99 , 0.01 ,2077dc97110db822_3F.jpg,
 0.03 , 0.97 ,20af1d21449acdce_1F.jpg,
 0.83 , 0.17 ,211c8b4916e8de1a_1.jpg,
 0.88 , 0.12 ,211c8b4916e8de1a_2.jpg,
 0.01 , 0.99 ,211c8b4916e8de1a_3.jpg,
 0.27 , 0.73 ,211c8b4916e8de1a_4.jpg,
 0.66 , 0.34 ,211c8b4916e8de1a_5F.jpg,
 0.02 , 0.98 ,215b9a6510757e4f_1.jpg,
 0.00 , 1.00 ,2193ead2acb9cdc7_1.jpg,
 0.00 , 1.00 ,223659ae8d4719c6_1.jpg,
 0.89 , 0.11 ,226e7cc4f7b6962c_1F.jpg,
 0.00 , 1.00 ,22a5848e375335e3_1.jpg,
 0.85 , 0.15 ,22a5848e375335e3_2.jpg,
 0.94 , 0.06 ,22a5848e375335e3_3F.jpg,
 0.00 , 1.00 ,22b1350067c714bd_1.jpg,
 0.00 , 1.00 ,22b1350067c714bd_2.jpg,
 0.99 , 0.01 ,22b1350067c714bd_3F.jpg,
 0.96 , 0.04 ,231f3e437626f792_1F.jpg,
 0.00 , 1.00 ,237da47182e417c7_1.jpg,
 0.11 , 0.89 ,237da47182e417c7_2F.jpg,
 0.83 , 0.17 ,237da47182e417c7_3F.jpg,
 0.03 , 0.97 ,23e0d412deaa215b_1.jpg,
 0.00 , 1.00 ,245864fdd2d7b6b8_1.jpg,
 0.00 , 1.00 ,245864fdd2d7b6b8_2.jpg,
 0.00 , 1.00 ,245864fdd2d7b6b8_3.jpg,
 0.94 , 0.06 ,245864fdd2d7b6b8_4F.jpg,
 0.00 , 1.00 ,24a40d9bb9b7d10c_1.jpg,
 0.68 , 0.32 ,24b6614a5a590e8f_1.jpg,
 0.20 , 0.80 ,24b6614a5a590e8f_2.jpg,
 0.00 , 1.00 ,24b6614a5a590e8f_3F.jpg,
 0.34 , 0.66 ,2502510f4d331980_1F.jpg,
 0.53 , 0.47 ,250f5804b7e2016f_1F.jpg,
 0.40 , 0.60 ,250f5804b7e2016f_2F.jpg,
 0.01 , 0.99 ,25542cf1ed9d562f_1F.jpg,
 0.00 , 1.00 ,25ce96bd10afe1b0_1.jpg,
 0.00 , 1.00 ,25ce96bd10afe1b0_2.jpg,
 0.39 , 0.61 ,25ce96bd10afe1b0_3F.jpg,
 0.84 , 0.16 ,25ce96bd10afe1b0_4F.jpg,
 1.00 , 0.00 ,26466fd83b52f677_1F.jpg,
 0.00 , 1.00 ,26d3e6efda2035c0_1.jpg,
 0.00 , 1.00 ,279913896e33d7fd_1.jpg,
 0.00 , 1.00 ,279913896e33d7fd_2.jpg,
 0.00 , 1.00 ,279913896e33d7fd_3.jpg,
 0.00 , 1.00 ,279913896e33d7fd_4.jpg,
 0.00 , 1.00 ,294885a08c11dfa4_1.jpg,
 0.09 , 0.91 ,294885a08c11dfa4_2.jpg,
 0.00 , 1.00 ,2993034acbaccf54_1.jpg,
 0.01 , 0.99 ,2b5d1111ffd23c68_1.jpg,
 0.99 , 0.01 ,2b5d1111ffd23c68_2F.jpg,
 0.96 , 0.04 ,2b8512256d5d2835_1F.jpg,
 0.99 , 0.01 ,2c0ede2d5afce7a5_1F.jpg,
 0.66 , 0.34 ,2d0e3d74e9d9c96d_1.jpg,
 1.00 , 0.00 ,2d57aca1cd5201aa_1F.jpg,
 0.00 , 1.00 ,2d609b81a696d4a3_1.jpg,
 0.16 , 0.84 ,2d609b81a696d4a3_2F.jpg,
 0.00 , 1.00 ,2de9e645fc206cb9_1.jpg,
 0.38 , 0.62 ,2e4c4ad30c37a081_1.jpg,
 0.83 , 0.17 ,2e4c4ad30c37a081_2F.jpg,
 0.96 , 0.04 ,2e4c4ad30c37a081_3F.jpg,
 0.06 , 0.94 ,2ec4d02dee94565a_1.jpg,
 0.50 , 0.50 ,2f2de2cc0898f31b_1.jpg,
 0.29 , 0.71 ,2f2de2cc0898f31b_2.jpg,
 0.00 , 1.00 ,2f2de2cc0898f31b_3.jpg,
 0.54 , 0.46 ,2f2de2cc0898f31b_4.jpg,
 0.05 , 0.95 ,2f2de2cc0898f31b_5.jpg,
 0.22 , 0.78 ,2f2de2cc0898f31b_6.jpg,
 0.13 , 0.87 ,2f2de2cc0898f31b_7.jpg,
 0.98 , 0.02 ,2f8519bef8ae1be2_1F.jpg,
 0.02 , 0.98 ,2f99245feec13d9e_1.jpg,
 0.00 , 1.00 ,2f99245feec13d9e_2.jpg,
 0.04 , 0.96 ,2f99245feec13d9e_3.jpg,
 0.21 , 0.79 ,2fed663b4eb60fc8_1.jpg,
 0.49 , 0.51 ,2fed663b4eb60fc8_2.jpg,
 0.49 , 0.51 ,2fed663b4eb60fc8_3.jpg,
 0.00 , 1.00 ,2fed663b4eb60fc8_4.jpg,
 0.08 , 0.92 ,2fed663b4eb60fc8_5.jpg,
 0.89 , 0.11 ,302a56fde137945d_1F.jpg,
 0.25 , 0.75 ,30595dcd13fa95dc_1F.jpg,
 0.93 , 0.07 ,3059d065edf95b15_1.jpg,
 0.03 , 0.97 ,31072b8ef8354106_1.jpg,
 0.00 , 1.00 ,31072b8ef8354106_2.jpg,
 0.30 , 0.70 ,3120e46a6a14d2ee_1.jpg,
 0.96 , 0.04 ,3120e46a6a14d2ee_2.jpg,
 0.00 , 1.00 ,3128e57d25084132_1.jpg,
 0.99 , 0.01 ,31c2a37a8a51d09f_1F.jpg,
 0.00 , 1.00 ,3264cb227a07af3f_1.jpg,
 0.42 , 0.58 ,3264cb227a07af3f_2F.jpg,
 0.00 , 1.00 ,33877ac31b17f815_1.jpg,
 0.11 , 0.89 ,33cbc33de610bd49_1.jpg,
 0.10 , 0.90 ,33cbc33de610bd49_2.jpg,
 0.00 , 1.00 ,33e560e47afb32fc_1.jpg,
 0.22 , 0.78 ,34355691cb8bbc19_1.jpg,
 0.13 , 0.87 ,34355691cb8bbc19_2.jpg,
 0.97 , 0.03 ,34619bc20c3736fe_1F.jpg,
 0.81 , 0.19 ,35b0cb91a7db8a79_1F.jpg,
 0.64 , 0.36 ,35b0cb91a7db8a79_2F.jpg,
 0.75 , 0.25 ,35b96417414c8a96_1F.jpg,
 0.00 , 1.00 ,35cc270e5dd94d54_1.jpg,
 0.00 , 1.00 ,35cc270e5dd94d54_2F.jpg,
 0.89 , 0.11 ,35fdc83122d38ef9_1F.jpg,
 1.00 , 0.00 ,362967359de9f39b_1F.jpg,
 0.04 , 0.96 ,3651afe6bf228ff9_1.jpg,
 0.99 , 0.01 ,36755493e5f0bbb8_1F.jpg,
 0.00 , 1.00 ,375d36c70903565c_1.jpg,
 1.00 , 0.00 ,377fe9c5109dd72c_1F.jpg,
 0.88 , 0.12 ,37860e490399c045_1.jpg,
 0.90 , 0.10 ,37bd8f0f8dec9753_1F.jpg,
 0.88 , 0.12 ,380e8ddd94cce12c_1F.jpg,
 1.00 , 0.00 ,381e05a98aaf2646_1F.jpg,
 0.00 , 1.00 ,384c40047ff7c36f_1.jpg,
 0.00 , 1.00 ,385bc2f13c1c8d31_1.jpg,
 0.98 , 0.02 ,385f02fc9d56ebd8_1F.jpg,
 0.41 , 0.59 ,38a79cb9df2a3ab2_1F.jpg,
 0.81 , 0.19 ,38ba8c32ff4b33e0_1.jpg,
 0.73 , 0.27 ,38f36aa74a466911_1F.jpg,
 0.00 , 1.00 ,3955ac56f0c1c8cd_1.jpg,
 0.00 , 1.00 ,3955ac56f0c1c8cd_2.jpg,
 0.87 , 0.13 ,3955ac56f0c1c8cd_3F.jpg,
 0.72 , 0.28 ,3955ac56f0c1c8cd_4F.jpg,
 0.20 , 0.80 ,395939397d472c3b_1F.jpg,
 0.11 , 0.89 ,39bd30d526975082_1F.jpg,
 0.01 , 0.99 ,39e61754c5659d0f_1.jpg,
 0.99 , 0.01 ,39e61754c5659d0f_2F.jpg,
 0.00 , 1.00 ,3a11c6ec6ecd59e6_1.jpg,
 0.97 , 0.03 ,3a11c6ec6ecd59e6_2F.jpg,
 0.58 , 0.42 ,3a5088be16cb1d1b_1F.jpg,
 0.00 , 1.00 ,3bb70c0267942681_1.jpg,
 0.54 , 0.46 ,3bb70c0267942681_2.jpg,
 0.15 , 0.85 ,3bb70c0267942681_3F.jpg,
 0.00 , 1.00 ,3c079ad7b6018ca4_1.jpg,
 0.69 , 0.31 ,3c079ad7b6018ca4_2F.jpg,
 0.92 , 0.08 ,3c079ad7b6018ca4_3F.jpg,
 0.98 , 0.02 ,3c4af6eea3f52dac_1F.jpg,
 0.39 , 0.61 ,3ccb25426a8aa404_1F.jpg,
 0.00 , 1.00 ,3d370555f7a379c9_1.jpg,
 0.00 , 1.00 ,3d370555f7a379c9_2.jpg,
 0.00 , 1.00 ,3d52f50f08c95bed_1.jpg,
 0.96 , 0.04 ,3dd7b65215430aeb_1F.jpg,
 0.20 , 0.80 ,3dd7b65215430aeb_2F.jpg,
 0.05 , 0.95 ,3de3304700e5fe57_1.jpg,
 0.87 , 0.13 ,3de3304700e5fe57_2F.jpg,
 0.38 , 0.62 ,3deeb62b22d8cb83_1F.jpg,
 0.00 , 1.00 ,3ec724375056fed7_1.jpg,
 0.25 , 0.75 ,3ec724375056fed7_2F.jpg,
 1.00 , 0.00 ,3ec724375056fed7_3F.jpg,
 0.50 , 0.50 ,3f372c7aa5b81b40_1F.jpg,
 0.00 , 1.00 ,3f5a50429e46e767_1.jpg,
 0.00 , 1.00 ,3f67ddce3448e74c_1.jpg,
 0.87 , 0.13 ,3f67ddce3448e74c_2F.jpg,
 0.00 , 1.00 ,3fb2521488b9b319_1.jpg,
 0.01 , 0.99 ,40141ca91bee73db_1.jpg,
 0.83 , 0.17 ,40141ca91bee73db_2F.jpg,
 0.00 , 1.00 ,403dcdab374d4e8d_1.jpg,
 0.03 , 0.97 ,4041e8d5b2a1ee25_1.jpg,
 0.00 , 1.00 ,4041e8d5b2a1ee25_2.jpg,
 0.81 , 0.19 ,4041e8d5b2a1ee25_3F.jpg,
 0.59 , 0.41 ,4041e8d5b2a1ee25_4F.jpg,
 0.88 , 0.12 ,408209a5977369e8_1F.jpg,
 0.06 , 0.94 ,40a05ea0282d5897_1.jpg,
 0.68 , 0.32 ,40a05ea0282d5897_2.jpg,
 0.01 , 0.99 ,40c0b4ccf2129fd5_1.jpg,
 0.00 , 1.00 ,420e8d1d3ba81263_1.jpg,
 0.98 , 0.02 ,420e8d1d3ba81263_2F.jpg,
 0.01 , 0.99 ,42490bb19c1c863b_1.jpg,
 0.74 , 0.26 ,42490bb19c1c863b_2F.jpg,
 0.02 , 0.98 ,429c048f06c26897_1.jpg,
 0.01 , 0.99 ,429c048f06c26897_2.jpg,
 0.00 , 1.00 ,429c048f06c26897_3.jpg,
 0.00 , 1.00 ,4367ebb6d98dbc02_1.jpg,
 0.24 , 0.76 ,4367ebb6d98dbc02_2.jpg,
 0.98 , 0.02 ,4367ebb6d98dbc02_3F.jpg,
 0.17 , 0.83 ,43924bc6f041fe36_1.jpg,
 0.00 , 1.00 ,4397d46eb4a7004a_1.jpg,
 0.76 , 0.24 ,4397d46eb4a7004a_2.jpg,
 0.01 , 0.99 ,4445ff9afaeb54fe_1.jpg,
 0.00 , 1.00 ,4449d4d66cd58e9f_1.jpg,
 0.03 , 0.97 ,44cac7b1237e31da_1.jpg,
 0.46 , 0.54 ,44cac7b1237e31da_2F.jpg,
 0.96 , 0.04 ,44e011f4fc4b1384_1F.jpg,
 0.82 , 0.18 ,44f8032225b80ee5_1F.jpg,
 0.52 , 0.48 ,44f8032225b80ee5_2F.jpg,
 0.90 , 0.10 ,462da63749fae994_1F.jpg,
 0.53 , 0.47 ,46b3697c1f67afbe_1F.jpg,
 0.86 , 0.14 ,46b3697c1f67afbe_2F.jpg,
 0.94 , 0.06 ,4706349d43922f78_1F.jpg,
 0.00 , 1.00 ,476462f57b94b4e5_1.jpg,
 0.00 , 1.00 ,476462f57b94b4e5_2.jpg,
 0.83 , 0.17 ,476462f57b94b4e5_3F.jpg,
 0.00 , 1.00 ,47925ef1fab2a442_1.jpg,
 0.54 , 0.46 ,47925ef1fab2a442_2.jpg,
 0.00 , 1.00 ,48abd1db27d7de96_1.jpg,
 0.15 , 0.85 ,48abd1db27d7de96_2.jpg,
 0.89 , 0.11 ,48abd1db27d7de96_3.jpg,
 0.24 , 0.76 ,48abd1db27d7de96_4.jpg,
 0.69 , 0.31 ,48ecc2c089a88115_1.jpg,
 0.03 , 0.97 ,48ecc2c089a88115_2.jpg,
 0.92 , 0.08 ,493e76b4cb6bb182_1F.jpg,
 0.76 , 0.24 ,494c1c49e967eb79_1F.jpg,
 0.98 , 0.02 ,49c04125fa58884d_1F.jpg,
 0.65 , 0.35 ,49c04125fa58884d_2F.jpg,
 0.85 , 0.15 ,4adb6d3f344b38fd_1F.jpg,
 0.32 , 0.68 ,4aeacd5097937b8a_1F.jpg,
 0.45 , 0.55 ,4cc0ef3c4cc19492_1F.jpg,
 0.33 , 0.67 ,4d8cb740e0fc5190_1F.jpg,
 0.92 , 0.08 ,4e0968ed3ba99fb1_1F.jpg,
 0.03 , 0.97 ,4e9c99614a4c91a4_1.jpg,
 0.13 , 0.87 ,4e9c99614a4c91a4_2F.jpg,
 1.00 , 0.00 ,4eab1bd73fea5fd2_1F.jpg,
 0.09 , 0.91 ,4ec14b668b440c8f_1.jpg,
 0.61 , 0.39 ,4ec14b668b440c8f_2.jpg,
 0.02 , 0.98 ,4ec14b668b440c8f_3.jpg,
 0.02 , 0.98 ,4ec14b668b440c8f_4.jpg,
 0.01 , 0.99 ,4ec14b668b440c8f_5.jpg,
 0.00 , 1.00 ,4ec14b668b440c8f_6.jpg,
 0.66 , 0.34 ,4ec14b668b440c8f_7.jpg,
 0.93 , 0.07 ,4ec14b668b440c8f_8F.jpg,
 0.01 , 0.99 ,5070ddee7739f3c8_1.jpg,
 0.00 , 1.00 ,5070ddee7739f3c8_2.jpg,
 1.00 , 0.00 ,5070ddee7739f3c8_3F.jpg,
 0.00 , 1.00 ,5071634b41fd0075_1.jpg,
 0.93 , 0.07 ,5071634b41fd0075_2.jpg,
 0.00 , 1.00 ,5071634b41fd0075_3.jpg,
 0.01 , 0.99 ,5071634b41fd0075_4.jpg,
 0.00 , 1.00 ,508498cb605f7ee3_1.jpg,
 0.99 , 0.01 ,508498cb605f7ee3_2F.jpg,
 0.01 , 0.99 ,510458171779d330_1.jpg,
 0.01 , 0.99 ,5109720f0b14681a_1.jpg,
 0.90 , 0.10 ,5109720f0b14681a_2F.jpg,
 0.00 , 1.00 ,5133bae221ba9804_1.jpg,
 0.00 , 1.00 ,5133bae221ba9804_2.jpg,
 0.00 , 1.00 ,5133bae221ba9804_3.jpg,
 0.00 , 1.00 ,5133bae221ba9804_4.jpg,
 0.00 , 1.00 ,5133bae221ba9804_5.jpg,
 0.42 , 0.58 ,5133bae221ba9804_6F.jpg,
 0.05 , 0.95 ,52155959d7ac7768_1.jpg,
 0.02 , 0.98 ,52155959d7ac7768_2.jpg,
 0.44 , 0.56 ,52155959d7ac7768_3.jpg,
 0.97 , 0.03 ,52155959d7ac7768_4F.jpg,
 0.01 , 0.99 ,5287213f5368a583_1.jpg,
 0.00 , 1.00 ,5287213f5368a583_2.jpg,
 0.03 , 0.97 ,5287213f5368a583_3.jpg,
 0.99 , 0.01 ,52af587b3c2d766a_1F.jpg,
 0.08 , 0.92 ,52ef0c56ef24cf7f_1F.jpg,
 0.00 , 1.00 ,53f5a48157fc5ad4_1.jpg,
 0.00 , 1.00 ,544801af545b84eb_1.jpg,
 0.94 , 0.06 ,544801af545b84eb_2F.jpg,
 0.90 , 0.10 ,54bd12b9394078b0_1F.jpg,
 0.74 , 0.26 ,54bd12b9394078b0_2F.jpg,
 0.00 , 1.00 ,55343a236ea36f42_1.jpg,
 0.80 , 0.20 ,55343a236ea36f42_2F.jpg,
 1.00 , 0.00 ,55529c1ffeedac56_1F.jpg,
 0.00 , 1.00 ,556076d59b4687f1_1.jpg,
 0.45 , 0.55 ,556076d59b4687f1_2F.jpg,
 0.00 , 1.00 ,557980eafee40574_1.jpg,
 0.29 , 0.71 ,55eeb102c53e83f0_1.jpg,
 0.00 , 1.00 ,55eeb102c53e83f0_2.jpg,
 0.04 , 0.96 ,577aa0124e4d6a6f_1.jpg,
 0.72 , 0.28 ,577aa0124e4d6a6f_2F.jpg,
 0.88 , 0.12 ,57b47c48895e75a9_1F.jpg,
 0.00 , 1.00 ,58530b01b352ee40_1.jpg,
 0.91 , 0.09 ,58530b01b352ee40_2F.jpg,
 0.13 , 0.87 ,58b96001a6d95681_1.jpg,
 0.85 , 0.15 ,58b96001a6d95681_2.jpg,
 0.00 , 1.00 ,58fcde91e7cb4315_1.jpg,
 0.00 , 1.00 ,58fcde91e7cb4315_2.jpg,
 0.03 , 0.97 ,58fcde91e7cb4315_3.jpg,
 0.50 , 0.50 ,5914652d54179cb8_1F.jpg,
 0.00 , 1.00 ,5928480c85b860bd_1.jpg,
 0.86 , 0.14 ,5928480c85b860bd_2F.jpg,
 0.64 , 0.36 ,59836e496d29d57e_1F.jpg,
 0.60 , 0.40 ,59836e496d29d57e_2F.jpg,
 0.03 , 0.97 ,5a194770238332d2_1F.jpg,
 0.49 , 0.51 ,5a4ba521db5b6564_1F.jpg,
 0.59 , 0.41 ,5a60979585b4a570_1F.jpg,
 0.92 , 0.08 ,5a862603f0e140ce_1F.jpg,
 0.87 , 0.13 ,5a862603f0e140ce_2F.jpg,
 0.59 , 0.41 ,5adefcc7d058133b_1F.jpg,
 1.00 , 0.00 ,5b2711abddcdcb57_1F.jpg,
 0.84 , 0.16 ,5b5f5c5c05f700b3_1F.jpg,
 0.85 , 0.15 ,5b6ebfcaa4af5397_1F.jpg,
 0.00 , 1.00 ,5c51b4d208d8bfa0_1.jpg,
 0.00 , 1.00 ,5c51b4d208d8bfa0_2.jpg,
 0.00 , 1.00 ,5c51b4d208d8bfa0_3.jpg,
 0.00 , 1.00 ,5c51b4d208d8bfa0_4.jpg,
 0.00 , 1.00 ,5c51b4d208d8bfa0_5.jpg,
 0.00 , 1.00 ,5c51b4d208d8bfa0_6.jpg,
 0.00 , 1.00 ,5c51b4d208d8bfa0_7.jpg,
 0.00 , 1.00 ,5c51b4d208d8bfa0_8.jpg,
 0.00 , 1.00 ,5cfdbe7a108f6cd3_1.jpg,
 0.00 , 1.00 ,5cfdbe7a108f6cd3_2.jpg,
 0.01 , 0.99 ,5cfdbe7a108f6cd3_3.jpg,
 0.63 , 0.37 ,5d3606fe97249262_1.jpg,
 0.00 , 1.00 ,5d3606fe97249262_2.jpg,
 0.99 , 0.01 ,5d3606fe97249262_3F.jpg,
 0.63 , 0.37 ,5d3606fe97249262_4F.jpg,
 0.00 , 1.00 ,5d8d2efdbd18a0a6_1.jpg,
 0.90 , 0.10 ,5d8d2efdbd18a0a6_2F.jpg,
 0.01 , 0.99 ,5dca02aa6f303af0_1.jpg,
 0.00 , 1.00 ,5ddad707289127a7_1.jpg,
 0.00 , 1.00 ,5ddad707289127a7_2.jpg,
 0.96 , 0.04 ,5ddad707289127a7_3F.jpg,
 0.44 , 0.56 ,5e2e72b27dcda54a_1.jpg,
 1.00 , 0.00 ,5e2e72b27dcda54a_2F.jpg,
 0.01 , 0.99 ,5edb034519bde160_1.jpg,
 0.76 , 0.24 ,5f34c79036cef7e7_1F.jpg,
 0.57 , 0.43 ,5f34c79036cef7e7_2F.jpg,
 0.73 , 0.27 ,5f7cc6a47b788cf5_1F.jpg,
 0.89 , 0.11 ,6033fc64970e6b67_1F.jpg,
 0.97 , 0.03 ,6033fc64970e6b67_2F.jpg,
 0.00 , 1.00 ,60a9a89ac85373a9_1.jpg,
 0.00 , 1.00 ,60f3be8695b75910_1.jpg,
 0.99 , 0.01 ,60f3be8695b75910_2.jpg,
 0.96 , 0.04 ,613f494ee19fd6b5_1F.jpg,
 0.99 , 0.01 ,61c32c9410e96838_1F.jpg,
 1.00 , 0.00 ,627300493317c301_1F.jpg,
 0.87 , 0.13 ,6298c7ccf96b5257_1.jpg,
 0.05 , 0.95 ,62c4e7ee53c87c4b_1.jpg,
 1.00 , 0.00 ,62c4e7ee53c87c4b_2F.jpg,
 0.54 , 0.46 ,63088e79faf82ed7_1F.jpg,
 0.86 , 0.14 ,633bec447b1862c5_1F.jpg,
 0.00 , 1.00 ,647a0515debf9552_1.jpg,
 0.10 , 0.90 ,647a0515debf9552_2.jpg,
 0.98 , 0.02 ,6482443cb7e34d1f_1F.jpg,
 0.24 , 0.76 ,64b5dea6c5e2af7f_1.jpg,
 0.03 , 0.97 ,64f62f4d15126abe_1.jpg,
 0.00 , 1.00 ,64f62f4d15126abe_2.jpg,
 0.93 , 0.07 ,64f62f4d15126abe_3.jpg,
 1.00 , 0.00 ,64f62f4d15126abe_4F.jpg,
 0.92 , 0.08 ,657079b4a2bd7cb4_1F.jpg,
 0.98 , 0.02 ,6623159697bec1a5_1F.jpg,
 0.00 , 1.00 ,66368d8f0c538ba7_1.jpg,
 1.00 , 0.00 ,66368d8f0c538ba7_2F.jpg,
 0.99 , 0.01 ,6687943e304bbaa4_1F.jpg,
 0.76 , 0.24 ,66fa17509ac2c727_1F.jpg,
 0.02 , 0.98 ,671bfb11d8aab3e8_1.jpg,
 0.01 , 0.99 ,671bfb11d8aab3e8_2.jpg,
 0.01 , 0.99 ,68350cdc4b7b0eb7_1.jpg,
 0.00 , 1.00 ,696816fa27198a27_1.jpg,
 0.25 , 0.75 ,696816fa27198a27_2F.jpg,
 0.00 , 1.00 ,6b92c8ef9fc245ce_1.jpg,
 0.99 , 0.01 ,6b92c8ef9fc245ce_2F.jpg,
 1.00 , 0.00 ,6b92c8ef9fc245ce_3F.jpg,
 0.50 , 0.50 ,6bff678ea2346ac5_1.jpg,
 0.01 , 0.99 ,6bff678ea2346ac5_2.jpg,
 0.00 , 1.00 ,6c8dafac9ee9d86e_1.jpg,
 0.00 , 1.00 ,6c8dafac9ee9d86e_2.jpg,
 0.07 , 0.93 ,6c8dafac9ee9d86e_3F.jpg,
 0.00 , 1.00 ,6d6d60a2ea87c944_1.jpg,
 0.96 , 0.04 ,6d6d60a2ea87c944_2F.jpg,
 0.00 , 1.00 ,6e1b75c20369e520_1.jpg,
 0.62 , 0.38 ,6e1b75c20369e520_2F.jpg,
 0.51 , 0.49 ,6e20219772b664af_1F.jpg,
 0.00 , 1.00 ,7017148a74cabc58_1.jpg,
 0.79 , 0.21 ,7017148a74cabc58_2F.jpg,
 0.99 , 0.01 ,7221de099bb62828_1F.jpg,
 0.00 , 1.00 ,727133f5cd7cd843_1.jpg,
 0.94 , 0.06 ,727133f5cd7cd843_2F.jpg,
 0.87 , 0.13 ,72b1ee7308be7e9c_1F.jpg,
 0.00 , 1.00 ,72d394241bbaba93_1.jpg,
 0.00 , 1.00 ,72d394241bbaba93_2.jpg,
 0.85 , 0.15 ,735cd68b9077d4c5_1F.jpg,
 0.08 , 0.92 ,750396868dac69a7_1.jpg,
 0.00 , 1.00 ,750396868dac69a7_2.jpg,
 1.00 , 0.00 ,750396868dac69a7_3F.jpg,
 0.76 , 0.24 ,750396868dac69a7_4F.jpg,
 0.00 , 1.00 ,750e3805a12d7126_1.jpg,
 0.99 , 0.01 ,750e3805a12d7126_2F.jpg,
 0.93 , 0.07 ,751093209b03118e_1F.jpg,
 0.00 , 1.00 ,751359260aab8906_1.jpg,
 0.82 , 0.18 ,75ed7924c47f984d_1.jpg,
 0.79 , 0.21 ,76386a676ebd7127_1F.jpg,
 0.62 , 0.38 ,765b74a02ad271ef_1F.jpg,
 0.00 , 1.00 ,76dfea548518702d_1.jpg,
 0.00 , 1.00 ,7782d6a1c97a18d4_1.jpg,
 0.00 , 1.00 ,7782d6a1c97a18d4_2.jpg,
 0.06 , 0.94 ,7782d6a1c97a18d4_3.jpg,
 0.98 , 0.02 ,7782d6a1c97a18d4_4F.jpg,
 0.00 , 1.00 ,7856edf3e921a039_1.jpg,
 0.00 , 1.00 ,7894064ce2322d6f_1.jpg,
 0.00 , 1.00 ,7894064ce2322d6f_2.jpg,
 0.00 , 1.00 ,7894064ce2322d6f_3.jpg,
 0.00 , 1.00 ,7894064ce2322d6f_4.jpg,
 0.08 , 0.92 ,7894064ce2322d6f_5.jpg,
 0.00 , 1.00 ,7894064ce2322d6f_6.jpg,
 0.00 , 1.00 ,7894064ce2322d6f_7.jpg,
 0.00 , 1.00 ,7894064ce2322d6f_8.jpg,
 0.00 , 1.00 ,79d01c59ce2804a0_1.jpg,
 1.00 , 0.00 ,79d01c59ce2804a0_2F.jpg,
 0.99 , 0.01 ,79d01c59ce2804a0_3F.jpg,
 0.98 , 0.02 ,7adc406b75d6d407_1F.jpg,
 0.70 , 0.30 ,7b3c99d0ae458835_1F.jpg,
 0.84 , 0.16 ,7b3c99d0ae458835_2F.jpg,
 0.99 , 0.01 ,7bcb030fb07390c0_1F.jpg,
 0.74 , 0.26 ,7c2c087a24f4edd0_1F.jpg,
 0.06 , 0.94 ,7c2c087a24f4edd0_2F.jpg,
 0.53 , 0.47 ,7c43192519202261_1.jpg,
 0.93 , 0.07 ,7d9a7e679b39765c_1F.jpg,
 0.99 , 0.01 ,7e197496d43073de_1F.jpg,
 0.01 , 0.99 ,7e818203cd456ce6_1.jpg,
 0.00 , 1.00 ,7e818203cd456ce6_2.jpg,
 1.00 , 0.00 ,7e818203cd456ce6_3F.jpg,
 0.16 , 0.84 ,7eb8f02a79e40800_1.jpg,
 0.68 , 0.32 ,7eb8f02a79e40800_2F.jpg,
 0.00 , 1.00 ,7f12bbe4a68360bb_1.jpg,
 0.69 , 0.31 ,7ff331d7c17ed526_1.jpg,
 0.04 , 0.96 ,7ff331d7c17ed526_2.jpg,
 0.43 , 0.57 ,7ff331d7c17ed526_3F.jpg,
 0.00 , 1.00 ,809d426b0ed06d55_1.jpg,
 0.98 , 0.02 ,80d768e60a222a65_1F.jpg,
 0.01 , 0.99 ,80e678b27b2a08ec_1.jpg,
 0.17 , 0.83 ,80e678b27b2a08ec_2.jpg,
 0.99 , 0.01 ,80e678b27b2a08ec_3F.jpg,
 1.00 , 0.00 ,810c4e8d27f5751a_1F.jpg,
 0.00 , 1.00 ,81684fbe58540aa5_1.jpg,
 0.91 , 0.09 ,81684fbe58540aa5_2F.jpg,
 0.04 , 0.96 ,818c9c7428dbb719_1.jpg,
 0.52 , 0.48 ,818c9c7428dbb719_2F.jpg,
 0.00 , 1.00 ,824b8d2da1a18807_1.jpg,
 0.00 , 1.00 ,830ec5c13f55d161_1.jpg,
 0.28 , 0.72 ,830ec5c13f55d161_2F.jpg,
 0.14 , 0.86 ,837b3d11ff02f116_1.jpg,
 0.00 , 1.00 ,83e48c35b3f13432_1.jpg,
 0.92 , 0.08 ,83e48c35b3f13432_2F.jpg,
 0.98 , 0.02 ,83e48c35b3f13432_3F.jpg,
 0.00 , 1.00 ,845d6ac4a4fb713c_1.jpg,
 0.98 , 0.02 ,845d6ac4a4fb713c_2F.jpg,
 0.71 , 0.29 ,84966244e49d7cf6_1F.jpg,
 0.09 , 0.91 ,84ae9c4032500f59_1.jpg,
 0.01 , 0.99 ,857cfd128a025297_1.jpg,
 0.08 , 0.92 ,8621cd0b9a481fa9_1.jpg,
 0.95 , 0.05 ,8621cd0b9a481fa9_2F.jpg,
 0.98 , 0.02 ,86af90e19ef983e2_1F.jpg,
 0.00 , 1.00 ,87566e496632db67_1.jpg,
 1.00 , 0.00 ,87566e496632db67_2F.jpg,
 0.58 , 0.42 ,875fe886b023ae54_1.jpg,
 1.00 , 0.00 ,886236e08b9b968c_1F.jpg,
 0.98 , 0.02 ,88670db8d5ce330f_1.jpg,
 0.00 , 1.00 ,8990927c8bbdf344_1.jpg,
 0.96 , 0.04 ,89971e80ca41c2c4_1F.jpg,
 0.00 , 1.00 ,8a19e5bb21cc1d13_1.jpg,
 0.98 , 0.02 ,8a19e5bb21cc1d13_2F.jpg,
 0.01 , 0.99 ,8b26bd06ff7383a6_1.jpg,
 0.88 , 0.12 ,8b26bd06ff7383a6_2F.jpg,
 0.00 , 1.00 ,8b3cae513f68017e_1.jpg,
 0.78 , 0.22 ,8bfddc9955eca265_1.jpg,
 0.38 , 0.62 ,8bfddc9955eca265_2F.jpg,
 0.01 , 0.99 ,8c4e736ef60aa3f9_1.jpg,
 0.00 , 1.00 ,8d7554ec41843eff_1.jpg,
 1.00 , 0.00 ,8d7554ec41843eff_2F.jpg,
 0.85 , 0.15 ,8df23bc49861cf2d_1F.jpg,
 0.68 , 0.32 ,8df23bc49861cf2d_2F.jpg,
 0.78 , 0.22 ,8e1d9857d9a30f51_1F.jpg,
 0.06 , 0.94 ,8e7e43ad1132f5e3_1.jpg,
 1.00 , 0.00 ,8e7e43ad1132f5e3_2F.jpg,
 0.01 , 0.99 ,8edb19a248373836_1.jpg,
 0.88 , 0.12 ,8edb19a248373836_2F.jpg,
 0.00 , 1.00 ,8f14009f361f77d1_1.jpg,
 0.01 , 0.99 ,8f2e423a486c893b_1.jpg,
 0.04 , 0.96 ,8f2e423a486c893b_2.jpg,
 0.23 , 0.77 ,8f2e423a486c893b_3.jpg,
 0.00 , 1.00 ,8f2e423a486c893b_4.jpg,
 0.11 , 0.89 ,8f2e423a486c893b_5F.jpg,
 0.04 , 0.96 ,8f7cf3384dd9bcb7_1.jpg,
 0.00 , 1.00 ,917b6c4352ef47fc_1.jpg,
 0.85 , 0.15 ,91a5c74e0d2444c0_1F.jpg,
 1.00 , 0.00 ,936af312daecde01_1F.jpg,
 1.00 , 0.00 ,936af312daecde01_2F.jpg,
 0.96 , 0.04 ,941319ef5b977fb8_1F.jpg,
 0.72 , 0.28 ,9450dbd2b6286dbd_1.jpg,
 1.00 , 0.00 ,9450dbd2b6286dbd_2F.jpg,
 0.01 , 0.99 ,94a2396fe9b5c547_1.jpg,
 0.31 , 0.69 ,94ead8b6d52b5942_1.jpg,
 0.07 , 0.93 ,9639b70ea292aee0_1.jpg,
 0.00 , 1.00 ,9746c3a87d36afb4_1.jpg,
 0.01 , 0.99 ,9746c3a87d36afb4_2F.jpg,
 0.03 , 0.97 ,974d5b2d3d54b592_1.jpg,
 0.80 , 0.20 ,974d5b2d3d54b592_2.jpg,
 0.09 , 0.91 ,974d5b2d3d54b592_3.jpg,
 0.95 , 0.05 ,974d5b2d3d54b592_4F.jpg,
 0.64 , 0.36 ,97c326a6fc1b93ad_1F.jpg,
 0.11 , 0.89 ,982187fa6b497ffd_1.jpg,
 0.17 , 0.83 ,982187fa6b497ffd_2.jpg,
 0.41 , 0.59 ,982187fa6b497ffd_3F.jpg,
 0.00 , 1.00 ,985ff5921c34ad03_1.jpg,
 0.99 , 0.01 ,985ff5921c34ad03_2F.jpg,
 0.00 , 1.00 ,996242b3641492b3_1.jpg,
 0.66 , 0.34 ,99950b2b4dea664c_1F.jpg,
 0.02 , 0.98 ,9a59d0d01df0fac5_1.jpg,
 0.61 , 0.39 ,9a59d0d01df0fac5_2F.jpg,
 0.71 , 0.29 ,9ab8fc5ad0ebf74c_1.jpg,
 0.01 , 0.99 ,9ab8fc5ad0ebf74c_2.jpg,
 0.00 , 1.00 ,9ab8fc5ad0ebf74c_3.jpg,
 0.90 , 0.10 ,9ab8fc5ad0ebf74c_4F.jpg,
 0.00 , 1.00 ,9abf68f20bf80d4f_1.jpg,
 0.84 , 0.16 ,9abf68f20bf80d4f_2F.jpg,
 0.97 , 0.03 ,9b1b545868d185b4_1F.jpg,
 0.99 , 0.01 ,9b868d5b233e8f50_1F.jpg,
 0.95 , 0.05 ,9b868d5b233e8f50_2F.jpg,
 0.95 , 0.05 ,9c684ce50e16784e_1F.jpg,
 0.97 , 0.03 ,9cb5c0880d992e51_1F.jpg,
 0.00 , 1.00 ,9d1172322873af88_1.jpg,
 0.99 , 0.01 ,9d1172322873af88_2F.jpg,
 0.00 , 1.00 ,9dfe0d369a1fdb76_1.jpg,
 0.99 , 0.01 ,9dfe0d369a1fdb76_2F.jpg,
 1.00 , 0.00 ,9f8550843e6f1ba6_1F.jpg,
 1.00 , 0.00 ,9f8550843e6f1ba6_2F.jpg,
 0.87 , 0.13 ,9fc6b9554a142b1a_1F.jpg,
 0.12 , 0.88 ,a013282071756b84_1.jpg,
 0.85 , 0.15 ,a013282071756b84_2F.jpg,
 0.95 , 0.05 ,a0399106b71f0614_1F.jpg,
 0.80 , 0.20 ,a05603bc3be03098_1.jpg,
 0.70 , 0.30 ,a05603bc3be03098_2F.jpg,
 0.50 , 0.50 ,a122feb61f920f4a_1.jpg,
 0.33 , 0.67 ,a26f0fe668632e4f_1F.jpg,
 0.00 , 1.00 ,a2afe90363e81531_1.jpg,
 0.62 , 0.38 ,a2afe90363e81531_2F.jpg,
 0.05 , 0.95 ,a2b0b8afdb91a601_1.jpg,
 0.05 , 0.95 ,a2b0b8afdb91a601_2.jpg,
 0.00 , 1.00 ,a2b0b8afdb91a601_3.jpg,
 1.00 , 0.00 ,a2b0b8afdb91a601_4F.jpg,
 0.28 , 0.72 ,a30101e24606e159_1F.jpg,
 0.02 , 0.98 ,a32a1415d50107be_1.jpg,
 0.00 , 1.00 ,a5300a3e8ba2dfa6_1.jpg,
 0.52 , 0.48 ,a563b6cbe6201d87_1F.jpg,
 0.07 , 0.93 ,a5659ba44eaf480d_1F.jpg,
 0.60 , 0.40 ,a573dbc21a11dd5a_1F.jpg,
 0.99 , 0.01 ,a670c7bde1b25fbe_1F.jpg,
 0.11 , 0.89 ,a6a954a213816783_1.jpg,
 0.40 , 0.60 ,a73d0bbdf59ac4bf_1F.jpg,
 0.25 , 0.75 ,a73d0bbdf59ac4bf_2F.jpg,
 0.00 , 1.00 ,a75bd3ec4cd51c51_1.jpg,
 0.50 , 0.50 ,a75bd3ec4cd51c51_2.jpg,
 0.98 , 0.02 ,a75bd3ec4cd51c51_3F.jpg,
 0.00 , 1.00 ,a761203a55cf716e_1.jpg,
 0.77 , 0.23 ,a761203a55cf716e_2.jpg,
 0.95 , 0.05 ,a761203a55cf716e_3F.jpg,
 0.00 , 1.00 ,a7935166240eb68b_1.jpg,
 0.08 , 0.92 ,a7935166240eb68b_2.jpg,
 0.97 , 0.03 ,a7935166240eb68b_3F.jpg,
 0.00 , 1.00 ,a799ae387c44de1d_1.jpg,
 0.94 , 0.06 ,a799ae387c44de1d_2F.jpg,
 0.00 , 1.00 ,a828fe14000a7fbc_1.jpg,
 0.77 , 0.23 ,a828fe14000a7fbc_2F.jpg,
 0.88 , 0.12 ,a8c081577cdd63de_1F.jpg,
 0.42 , 0.58 ,a8c081577cdd63de_2F.jpg,
 0.56 , 0.44 ,a8d32841f5a73770_1F.jpg,
 0.00 , 1.00 ,a8d7f65b1f6c2b76_1.jpg,
 0.66 , 0.34 ,a8d7f65b1f6c2b76_2F.jpg,
 0.00 , 1.00 ,a8f69948ed559956_1.jpg,
 0.02 , 0.98 ,a8f69948ed559956_2.jpg,
 0.00 , 1.00 ,a948a42e28ed752d_1.jpg,
 0.23 , 0.77 ,a948a42e28ed752d_2F.jpg,
 0.03 , 0.97 ,aa86e62f68da0c7b_1.jpg,
 0.00 , 1.00 ,aa86e62f68da0c7b_2.jpg,
 0.00 , 1.00 ,aa86e62f68da0c7b_3.jpg,
 0.00 , 1.00 ,aa86e62f68da0c7b_4.jpg,
 0.04 , 0.96 ,aacadd9f833b7c46_1.jpg,
 0.46 , 0.54 ,aacadd9f833b7c46_2.jpg,
 0.77 , 0.23 ,aacadd9f833b7c46_3.jpg,
 0.98 , 0.02 ,aacadd9f833b7c46_4F.jpg,
 0.87 , 0.13 ,aaced00456730f76_1F.jpg,
 0.68 , 0.32 ,aad2063d7bd3e2e2_1F.jpg,
 0.00 , 1.00 ,ab753efd8ecb80ea_1.jpg,
 0.76 , 0.24 ,ab753efd8ecb80ea_2F.jpg,
 0.00 , 1.00 ,ac764caccbebd4fa_1.jpg,
 0.01 , 0.99 ,ad08afb5c0f5bb34_1.jpg,
 0.00 , 1.00 ,ad08afb5c0f5bb34_2.jpg,
 0.64 , 0.36 ,ad08afb5c0f5bb34_3F.jpg,
 0.00 , 1.00 ,ad12eb32ec519126_1.jpg,
 0.94 , 0.06 ,ad3bf6c33e51de4a_1F.jpg,
 0.42 , 0.58 ,adb457360c570c61_1.jpg,
 0.95 , 0.05 ,adba315f513eae39_1F.jpg,
 0.61 , 0.39 ,ae891d14edfb0dbb_1F.jpg,
 0.79 , 0.21 ,aee8640dbc1f1400_1F.jpg,
 0.44 , 0.56 ,aef866bed6660717_1F.jpg,
 0.95 , 0.05 ,b0717c5ccc3abca6_1F.jpg,
 0.96 , 0.04 ,b0b49e0e127c68d9_1F.jpg,
 0.00 , 1.00 ,b0cdc3c6b4dcf399_1.jpg,
 0.00 , 1.00 ,b0cdc3c6b4dcf399_2.jpg,
 0.00 , 1.00 ,b0cdc3c6b4dcf399_3.jpg,
 0.00 , 1.00 ,b15736bdd7914941_1.jpg,
 1.00 , 0.00 ,b175fc0d52f4e9af_1.jpg,
 0.85 , 0.15 ,b175fc0d52f4e9af_2F.jpg,
 0.00 , 1.00 ,b1ccc94a4446e0a7_1.jpg,
 0.99 , 0.01 ,b1ccc94a4446e0a7_2F.jpg,
 0.04 , 0.96 ,b31c7d3a91c084a2_1.jpg,
 0.89 , 0.11 ,b31c7d3a91c084a2_2.jpg,
 0.85 , 0.15 ,b4068aa9b3b58fa8_1F.jpg,
 0.00 , 1.00 ,b47e04fb534b0a4d_1.jpg,
 0.85 , 0.15 ,b47e04fb534b0a4d_2F.jpg,
 0.87 , 0.13 ,b47fc53fa4395f20_1F.jpg,
 0.00 , 1.00 ,b5951f9b9138f429_1.jpg,
 0.99 , 0.01 ,b5be42aef68ebf08_1F.jpg,
 1.00 , 0.00 ,b5be42aef68ebf08_2F.jpg,
 0.99 , 0.01 ,b664690ed17187ae_1F.jpg,
 0.85 , 0.15 ,b6eb68d75fff7e92_1.jpg,
 0.90 , 0.10 ,b874aca0add96832_1F.jpg,
 0.58 , 0.42 ,b874aca0add96832_2F.jpg,
 0.03 , 0.97 ,ba331de1c76b6492_1F.jpg,
 0.00 , 1.00 ,ba88cf9fea0e35e3_1.jpg,
 1.00 , 0.00 ,ba88cf9fea0e35e3_2F.jpg,
 0.41 , 0.59 ,bb5b419391e4f74e_1F.jpg,
 0.99 , 0.01 ,bd18b0390f876337_1F.jpg,
 0.11 , 0.89 ,bd5731756fcb6410_1.jpg,
 0.96 , 0.04 ,bdb5e9ca6bae448f_1F.jpg,
 0.94 , 0.06 ,bdb5e9ca6bae448f_2F.jpg,
 0.00 , 1.00 ,bdd87792c0167e97_1.jpg,
 0.09 , 0.91 ,bddbc90ab03ee834_1.jpg,
 0.83 , 0.17 ,bddbc90ab03ee834_2F.jpg,
 0.45 , 0.55 ,bddbc90ab03ee834_3F.jpg,
 0.00 , 1.00 ,be449100e8a432e9_1.jpg,
 0.00 , 1.00 ,bf5ca8ef77012cc4_1.jpg,
 0.22 , 0.78 ,c073c3cf1ff452ec_1.jpg,
 0.05 , 0.95 ,c073c3cf1ff452ec_2.jpg,
 0.91 , 0.09 ,c073c3cf1ff452ec_3F.jpg,
 0.08 , 0.92 ,c1ac7bc9ec634013_1.jpg,
 0.84 , 0.16 ,c1ac7bc9ec634013_2F.jpg,
 0.89 , 0.11 ,c1e4f8f194a23203_1F.jpg,
 0.88 , 0.12 ,c26dc12ad0d86ade_1F.jpg,
 0.00 , 1.00 ,c2cb0a1c873668cb_1.jpg,
 0.03 , 0.97 ,c2cb0a1c873668cb_2.jpg,
 0.00 , 1.00 ,c2cb0a1c873668cb_3.jpg,
 0.96 , 0.04 ,c312e3926778ebb4_1F.jpg,
 0.04 , 0.96 ,c31320944cb5ddc3_1.jpg,
 0.77 , 0.23 ,c31320944cb5ddc3_2F.jpg,
 0.58 , 0.42 ,c3578ef2e982bd48_1F.jpg,
 0.07 , 0.93 ,c3b7b259188f3f88_1.jpg,
 0.90 , 0.10 ,c40a139fa37b26e6_1F.jpg,
 0.99 , 0.01 ,c40c56358036ccbc_1F.jpg,
 0.00 , 1.00 ,c42ba137e0a8c801_1.jpg,
 0.99 , 0.01 ,c42ba137e0a8c801_2F.jpg,
 0.04 , 0.96 ,c4e9f06572626229_1.jpg,
 0.02 , 0.98 ,c5a701339a2bf776_1.jpg,
 0.02 , 0.98 ,c611d12c8f5ab14d_1.jpg,
 0.95 , 0.05 ,c611d12c8f5ab14d_2F.jpg,
 0.35 , 0.65 ,c611d12c8f5ab14d_3F.jpg,
 0.00 , 1.00 ,c62bf051fce64e4d_1.jpg,
 0.00 , 1.00 ,c62bf051fce64e4d_2.jpg,
 0.00 , 1.00 ,c62bf051fce64e4d_3.jpg,
 1.00 , 0.00 ,c6dac581c7146f23_1F.jpg,
 1.00 , 0.00 ,c7133cc36acc887d_1F.jpg,
 0.00 , 1.00 ,c759a8ae04a503a1_1.jpg,
 0.97 , 0.03 ,c8a4a228c9df91ef_1F.jpg,
 0.93 , 0.07 ,c8a4a228c9df91ef_2F.jpg,
 1.00 , 0.00 ,c8f797267fac65e2_1F.jpg,
 0.39 , 0.61 ,c9beadfaec7b5043_1.jpg,
 0.97 , 0.03 ,c9beadfaec7b5043_2F.jpg,
 0.18 , 0.82 ,c9d9cea323d50bae_1.jpg,
 0.74 , 0.26 ,c9d9cea323d50bae_2F.jpg,
 0.00 , 1.00 ,c9e2380d7649c903_1.jpg,
 0.71 , 0.29 ,ca82c23ece62563f_1F.jpg,
 0.06 , 0.94 ,cac249a7bd85c049_1.jpg,
 0.00 , 1.00 ,cb0ed77092b95186_1.jpg,
 0.99 , 0.01 ,cb0ed77092b95186_2F.jpg,
 0.01 , 0.99 ,cb2c3d37c9ebec75_1.jpg,
 0.54 , 0.46 ,cb2c3d37c9ebec75_2F.jpg,
 0.00 , 1.00 ,cb723abc3937289e_1.jpg,
 0.06 , 0.94 ,cb723abc3937289e_2F.jpg,
 0.00 , 1.00 ,ccdc34a4f31f2cb3_1.jpg,
 0.97 , 0.03 ,ccdc34a4f31f2cb3_2.jpg,
 0.99 , 0.01 ,ccdc34a4f31f2cb3_3F.jpg,
 1.00 , 0.00 ,ccdc34a4f31f2cb3_4F.jpg,
 0.00 , 1.00 ,cd5bf22aaafc0be8_1.jpg,
 1.00 , 0.00 ,cd5bf22aaafc0be8_2F.jpg,
 0.99 , 0.01 ,cd8cce2606f141db_1F.jpg,
 0.84 , 0.16 ,cd8cce2606f141db_2F.jpg,
 0.00 , 1.00 ,cddd3bc1bdb5ccb8_1.jpg,
 0.18 , 0.82 ,cddd3bc1bdb5ccb8_2.jpg,
 0.76 , 0.24 ,cddd3bc1bdb5ccb8_3F.jpg,
 0.96 , 0.04 ,cdf0f6eeb105d22b_1F.jpg,
 0.79 , 0.21 ,cf12aa9cf437f455_1F.jpg,
 0.00 , 1.00 ,cf97377cb331bb4d_1.jpg,
 0.00 , 1.00 ,d08fab0653e241e7_1.jpg,
 0.94 , 0.06 ,d0b3e5d06a57cd34_1F.jpg,
 0.95 , 0.05 ,d1a995e53123f606_1F.jpg,
 0.19 , 0.81 ,d1ef645e3687eb31_1.jpg,
 0.96 , 0.04 ,d1ef645e3687eb31_2.jpg,
 0.98 , 0.02 ,d2146d47c4cf025b_1F.jpg,
 0.00 , 1.00 ,d273739fa7923180_1.jpg,
 0.82 , 0.18 ,d273739fa7923180_2F.jpg,
 0.94 , 0.06 ,d273739fa7923180_3F.jpg,
 0.00 , 1.00 ,d293fa5f70df6d34_1.jpg,
 0.43 , 0.57 ,d293fa5f70df6d34_2.jpg,
 0.07 , 0.93 ,d2d64faf0378c9b5_1.jpg,
 0.02 , 0.98 ,d40b739ada5fb655_1.jpg,
 0.02 , 0.98 ,d40b739ada5fb655_2.jpg,
 0.00 , 1.00 ,d40b739ada5fb655_3.jpg,
 0.98 , 0.02 ,d40b739ada5fb655_4F.jpg,
 0.13 , 0.87 ,d50b0457d9624258_1.jpg,
 0.02 , 0.98 ,d50b0457d9624258_2.jpg,
 0.92 , 0.08 ,d50b0457d9624258_3.jpg,
 0.00 , 1.00 ,d50b0457d9624258_4.jpg,
 1.00 , 0.00 ,d5af78b47d72bab2_1F.jpg,
 0.00 , 1.00 ,d5e2d167dfa350f4_1.jpg,
 0.00 , 1.00 ,d5f08b8d5ed6055f_1.jpg,
 0.86 , 0.14 ,d5f08b8d5ed6055f_2F.jpg,
 0.99 , 0.01 ,d6d854ca18c45a7b_1F.jpg,
 1.00 , 0.00 ,d6d854ca18c45a7b_2F.jpg,
 0.72 , 0.28 ,d6f555694b216c17_1F.jpg,
 0.91 , 0.09 ,d79c06aadb2aa7ac_1F.jpg,
 0.25 , 0.75 ,d7bf42f6b20e96c2_1.jpg,
 0.98 , 0.02 ,d7d998943efb0309_1F.jpg,
 0.72 , 0.28 ,d8419e7c4790877a_1F.jpg,
 0.00 , 1.00 ,d8b93310dce2b3f4_1.jpg,
 0.00 , 1.00 ,d8b93310dce2b3f4_2.jpg,
 1.00 , 0.00 ,d8b93310dce2b3f4_3F.jpg,
 0.69 , 0.31 ,d8e633556b101a62_1.jpg,
 0.75 , 0.25 ,d8e633556b101a62_2F.jpg,
 0.99 , 0.01 ,d96e2962d8db7d41_1F.jpg,
 0.00 , 1.00 ,d9bba8a8c1ff04bd_1.jpg,
 0.00 , 1.00 ,d9cdf6bcb7151dad_1.jpg,
 0.00 , 1.00 ,d9cdf6bcb7151dad_2.jpg,
 0.00 , 1.00 ,db3c9ce43e80cd47_1.jpg,
 0.99 , 0.01 ,db3c9ce43e80cd47_2F.jpg,
 0.01 , 0.99 ,db4fb8b594a92153_1.jpg,
 0.82 , 0.18 ,db4fb8b594a92153_2F.jpg,
 0.89 , 0.11 ,db4fb8b594a92153_3F.jpg,
 0.12 , 0.88 ,db5bb5675f73791d_1.jpg,
 0.00 , 1.00 ,db5bb5675f73791d_2.jpg,
 0.00 , 1.00 ,db5bb5675f73791d_3.jpg,
 0.99 , 0.01 ,db5bb5675f73791d_4F.jpg,
 0.00 , 1.00 ,dd5669c3169e107a_1.jpg,
 0.68 , 0.32 ,dd5669c3169e107a_2.jpg,
 0.96 , 0.04 ,dd5669c3169e107a_3F.jpg,
 0.04 , 0.96 ,de3a1770a5080306_1.jpg,
 0.13 , 0.87 ,deb92a2aa11ec8de_1.jpg,
 0.00 , 1.00 ,deb92a2aa11ec8de_2.jpg,
 0.94 , 0.06 ,deb92a2aa11ec8de_3F.jpg,
 1.00 , 0.00 ,df4a83986db3556b_1F.jpg,
 0.58 , 0.42 ,dfd2423518569f4f_1.jpg,
 0.02 , 0.98 ,dfd2423518569f4f_2.jpg,
 0.02 , 0.98 ,e02080ad9ec0bbc9_1.jpg,
 0.96 , 0.04 ,e02080ad9ec0bbc9_2F.jpg,
 0.99 , 0.01 ,e2bd21c7e6e33376_1F.jpg,
 1.00 , 0.00 ,e302288580991cb3_1F.jpg,
 0.16 , 0.84 ,e349ba3903f460b3_1.jpg,
 0.90 , 0.10 ,e349ba3903f460b3_2.jpg,
 0.72 , 0.28 ,e349ba3903f460b3_3.jpg,
 0.97 , 0.03 ,e349ba3903f460b3_4F.jpg,
 0.39 , 0.61 ,e3cb46affae3b26d_1F.jpg,
 0.83 , 0.17 ,e44cac73a1409fc5_1.jpg,
 0.99 , 0.01 ,e495c6c3db68a68f_1F.jpg,
 0.72 , 0.28 ,e49ad1437d6fdfa1_1F.jpg,
 0.25 , 0.75 ,e4aef7d0095be27f_1.jpg,
 0.00 , 1.00 ,e4aef7d0095be27f_2.jpg,
 0.93 , 0.07 ,e4aef7d0095be27f_3F.jpg,
 0.97 , 0.03 ,e4aef7d0095be27f_4F.jpg,
 0.98 , 0.02 ,e51de61c0ef9eac3_1F.jpg,
 0.03 , 0.97 ,e53516fe572e80cc_1.jpg,
 0.00 , 1.00 ,e53516fe572e80cc_2.jpg,
 0.44 , 0.56 ,e53516fe572e80cc_3F.jpg,
 0.47 , 0.53 ,e53516fe572e80cc_4F.jpg,
 1.00 , 0.00 ,e55ad1313aba41f8_1F.jpg,
 0.79 , 0.21 ,e562ae938d10fd45_1F.jpg,
 0.99 , 0.01 ,e562ae938d10fd45_2F.jpg,
 0.04 , 0.96 ,e6066bbe4cc79dfc_1.jpg,
 0.00 , 1.00 ,e78a42acf2fa26b4_1.jpg,
 0.95 , 0.05 ,e87c59db2252ac71_1F.jpg,
 0.00 , 1.00 ,e8cbdb43346c755e_1.jpg,
 0.98 , 0.02 ,e93a0b0f61cdb76c_1.jpg,
 0.00 , 1.00 ,e98cc3c7eb23c588_1.jpg,
 0.01 , 0.99 ,e99d9810c5a70e3f_1.jpg,
 0.34 , 0.66 ,e99d9810c5a70e3f_2F.jpg,
 0.39 , 0.61 ,e9a597996c614441_1F.jpg,
 0.18 , 0.82 ,ea1a481d08929f4c_1.jpg,
 0.99 , 0.01 ,ea1a481d08929f4c_2F.jpg,
 0.98 , 0.02 ,ea1a481d08929f4c_3F.jpg,
 0.96 , 0.04 ,eab7df87e7fc3317_1F.jpg,
 0.96 , 0.04 ,eab7df87e7fc3317_2F.jpg,
 0.00 , 1.00 ,ebd0a020b82a19ef_1.jpg,
 0.95 , 0.05 ,ebd0a020b82a19ef_2F.jpg,
 0.56 , 0.44 ,ec2afeae6f6fcbf9_1.jpg,
 0.00 , 1.00 ,ec3ec8cf44a11e8f_1.jpg,
 0.99 , 0.01 ,ec3ec8cf44a11e8f_2F.jpg,
 0.98 , 0.02 ,ec3ec8cf44a11e8f_3F.jpg,
 0.13 , 0.87 ,ec54c40892d901ad_1.jpg,
 0.01 , 0.99 ,ec54c40892d901ad_2.jpg,
 0.14 , 0.86 ,ec54c40892d901ad_3F.jpg,
 1.00 , 0.00 ,ee146551d28f0d66_1F.jpg,
 0.70 , 0.30 ,eef2131cce51a339_1F.jpg,
 0.01 , 0.99 ,eef273a8f6a91b3e_1.jpg,
 0.87 , 0.13 ,eef273a8f6a91b3e_2F.jpg,
 0.00 , 1.00 ,eef55fc0c3045988_1.jpg,
 0.75 , 0.25 ,efebe16e7f86f338_1.jpg,
 0.01 , 0.99 ,f0366aa3cacc4e76_1.jpg,
 0.16 , 0.84 ,f1b2711ca0e0729a_1.jpg,
 0.80 , 0.20 ,f1b2711ca0e0729a_2.jpg,
 0.00 , 1.00 ,f1b2711ca0e0729a_3.jpg,
 0.45 , 0.55 ,f1b2711ca0e0729a_4.jpg,
 0.06 , 0.94 ,f1b2711ca0e0729a_5.jpg,
 0.43 , 0.57 ,f1b2711ca0e0729a_6.jpg,
 0.05 , 0.95 ,f1b2711ca0e0729a_7.jpg,
 0.99 , 0.01 ,f1b2711ca0e0729a_8F.jpg,
 0.80 , 0.20 ,f1bf3ad54d907157_1F.jpg,
 0.92 , 0.08 ,f2286d6fea468db9_1F.jpg,
 0.00 , 1.00 ,f241acf16280eb82_1.jpg,
 0.00 , 1.00 ,f241acf16280eb82_2.jpg,
 0.06 , 0.94 ,f24701c0a56fd30e_1.jpg,
 0.00 , 1.00 ,f2502da756e59e5f_1.jpg,
 0.00 , 1.00 ,f3d568f95ffde1e8_1.jpg,
 1.00 , 0.00 ,f3e202ce27ed9c0e_1F.jpg,
 0.00 , 1.00 ,f3e7fed441e35ccd_1.jpg,
 0.00 , 1.00 ,f4095be32e843a32_1.jpg,
 0.71 , 0.29 ,f515f74f27c71d34_1.jpg,
 0.80 , 0.20 ,f515f74f27c71d34_2.jpg,
 0.00 , 1.00 ,f515f74f27c71d34_3.jpg,
 0.01 , 0.99 ,f515f74f27c71d34_4.jpg,
 0.04 , 0.96 ,f515f74f27c71d34_5.jpg,
 0.98 , 0.02 ,f5446ba0bb75babf_1F.jpg,
 0.00 , 1.00 ,f54cecf49c0397f5_1.jpg,
 0.69 , 0.31 ,f573911e8b90e44c_1F.jpg,
 0.00 , 1.00 ,f5b52ec0ab2e8d7e_1.jpg,
 0.00 , 1.00 ,f6460d9cb14ab4ce_1.jpg,
 0.00 , 1.00 ,f6460d9cb14ab4ce_2.jpg,
 0.00 , 1.00 ,f6460d9cb14ab4ce_3.jpg,
 0.00 , 1.00 ,f72a34c4f6d727af_1.jpg,
 0.34 , 0.66 ,f75162ce3114e274_1F.jpg,
 0.64 , 0.36 ,f78d56da46cbfb2e_1F.jpg,
 1.00 , 0.00 ,f78d56da46cbfb2e_2F.jpg,
 0.00 , 1.00 ,f7c9e5d4910d137b_1.jpg,
 0.97 , 0.03 ,f7c9e5d4910d137b_2F.jpg,
 0.00 , 1.00 ,f7fce6cbf80e2146_1.jpg,
 0.85 , 0.15 ,f7fce6cbf80e2146_2F.jpg,
 0.00 , 1.00 ,f8d06203abba787f_1.jpg,
 0.00 , 1.00 ,f8d06203abba787f_2.jpg,
 0.29 , 0.71 ,f9cc72cc7633d85c_1.jpg,
 0.95 , 0.05 ,f9cc72cc7633d85c_2F.jpg,
 0.95 , 0.05 ,f9cc72cc7633d85c_3F.jpg,
 0.01 , 0.99 ,f9e01c3d3ba4effe_1.jpg,
 0.76 , 0.24 ,f9e01c3d3ba4effe_2F.jpg,
 0.00 , 1.00 ,faba9c40610acaef_1.jpg,
 0.05 , 0.95 ,fb9ce0f5f0c7ef4b_1F.jpg,
 0.31 , 0.69 ,fbde77a07ece0cc0_1.jpg,
 0.00 , 1.00 ,fbde77a07ece0cc0_2.jpg,
 1.00 , 0.00 ,fbde77a07ece0cc0_3F.jpg,
 0.94 , 0.06 ,fc333ad86474409b_1F.jpg,
 0.91 , 0.09 ,fc6dd8a1072cabdc_1F.jpg,
 0.64 , 0.36 ,fccf83032bda2066_1.jpg,
 0.84 , 0.16 ,fccf83032bda2066_2.jpg,
 0.90 , 0.10 ,fccf83032bda2066_3F.jpg,
 0.00 , 1.00 ,fd3f5fc76f1d380f_1.jpg,
 0.52 , 0.48 ,fd3f5fc76f1d380f_2.jpg,
 0.00 , 1.00 ,fd3f5fc76f1d380f_3.jpg,
 0.79 , 0.21 ,fd3f5fc76f1d380f_4F.jpg,
 0.00 , 1.00 ,fd50fe5feef00f16_1.jpg,
 0.43 , 0.57 ,fd50fe5feef00f16_2.jpg,
 0.00 , 1.00 ,fe196f1e934d459b_1.jpg,
 0.79 , 0.21 ,fe27ce461d0c2f2c_1F.jpg,
 0.42 , 0.58 ,fe27ce461d0c2f2c_2F.jpg,
 0.00 , 1.00 ,fe2d99ed9cc07f67_1.jpg,
 0.00 , 1.00 ,fe4013fc841988c9_1.jpg,
 0.89 , 0.11 ,fe4013fc841988c9_2F.jpg,
 0.00 , 1.00 ,fe5a1f1c654fe985_1.jpg,
 1.00 , 0.00 ,fe5a1f1c654fe985_2F.jpg,
